<?xml version="1.0"?>
<opencv_storage>
<tictoc>""</tictoc>
<enablePreProcessor>1</enablePreProcessor>
<enableForegroundMaskAnalysis>0</enableForegroundMaskAnalysis>
<enableFrameDifferenceBGS>1</enableFrameDifferenceBGS>
<enableStaticFrameDifferenceBGS>0</enableStaticFrameDifferenceBGS>
<enableWeightedMovingMeanBGS>0</enableWeightedMovingMeanBGS>
<enableWeightedMovingVarianceBGS>0</enableWeightedMovingVarianceBGS>
<enableMixtureOfGaussianV1BGS>1</enableMixtureOfGaussianV1BGS>
<enableMixtureOfGaussianV2BGS>1</enableMixtureOfGaussianV2BGS>
<enableAdaptiveBackgroundLearning>0</enableAdaptiveBackgroundLearning>
<enableGMG>0</enableGMG>
<enableDPAdaptiveMedianBGS>0</enableDPAdaptiveMedianBGS>
<enableDPGrimsonGMMBGS>0</enableDPGrimsonGMMBGS>
<enableDPZivkovicAGMMBGS>0</enableDPZivkovicAGMMBGS>
<enableDPMeanBGS>0</enableDPMeanBGS>
<enableDPWrenGABGS>0</enableDPWrenGABGS>
<enableDPPratiMediodBGS>0</enableDPPratiMediodBGS>
<enableDPEigenbackgroundBGS>0</enableDPEigenbackgroundBGS>
<enableDPTextureBGS>0</enableDPTextureBGS>
<enableT2FGMM_UM>0</enableT2FGMM_UM>
<enableT2FGMM_UV>0</enableT2FGMM_UV>
<enableT2FMRF_UM>0</enableT2FMRF_UM>
<enableT2FMRF_UV>0</enableT2FMRF_UV>
<enableFuzzySugenoIntegral>0</enableFuzzySugenoIntegral>
<enableFuzzyChoquetIntegral>0</enableFuzzyChoquetIntegral>
<enableLBSimpleGaussian>0</enableLBSimpleGaussian>
<enableLBFuzzyGaussian>0</enableLBFuzzyGaussian>
<enableLBMixtureOfGaussians>0</enableLBMixtureOfGaussians>
<enableLBAdaptiveSOM>0</enableLBAdaptiveSOM>
<enableLBFuzzyAdaptiveSOM>0</enableLBFuzzyAdaptiveSOM>
<enableLbpMrf>0</enableLbpMrf>
<enableMultiLayerBGS>0</enableMultiLayerBGS>
<enableVuMeter>0</enableVuMeter>
<enableKDE>0</enableKDE>
<enableIMBS>0</enableIMBS>
<enableMultiCueBGS>0</enableMultiCueBGS>
<enableSigmaDeltaBGS>0</enableSigmaDeltaBGS>
</opencv_storage>
